id,area,feature group,capability,macOS implementation,macOS verification,Windows implementation,Windows verification,owner,verification,notes,macOS evidence,Windows evidence
workspace-open-switch,工作区,工作区生命周期,打开工作区与切换项目,已实现,待验证,已实现,待验证,Workspace,打开多个项目并在项目之间切换，确认当前项目、文件树和编辑器状态正确。,,macos/Sources/Lithe/Views/Workspace; macos/Sources/Lithe/Services/Workspace,windows/tauri/src/features/workspace
workspace-files,工作区,工作区生命周期,文件树与文件操作,已实现,待验证,已实现,待验证,Workspace,新建、移动、重命名、删除文件和目录，并确认相对路径与错误提示一致。,,macos/Sources/Lithe/Views/Workspace,windows/tauri/src/features/file-system
workspace-document-sync,工作区,工作区生命周期,脏状态、保存与外部修改,已实现,待验证,已实现,待验证,Workspace,编辑未保存文件、外部修改文件并重启应用，确认冲突、保存和恢复行为。,,macos/Sources/Lithe/Models/Editor; macos/Sources/Lithe/Services/Workspace,windows/tauri/src/features/editor; windows/tauri/src/features/file-system
workspace-tabs-projects,工作区,工作区生命周期,多项目与多标签,已实现,待验证,已实现,待验证,Workspace,同时打开多个项目和文件，确认标签、项目上下文和关闭恢复行为。,,macos/Sources/Lithe/Views/Workspace; macos/Sources/Lithe/Views/Editor,windows/tauri/src/features/workspace; windows/tauri/src/features/tabs
editor-text-tabs,编辑器,文本编辑,文本编辑与标签生命周期,已实现,待验证,已实现,待验证,Editor,打开、编辑、保存、关闭和恢复多个文本文件，确认光标、脏状态和标签状态。,,macos/Sources/Lithe/Views/Editor; macos/Sources/Lithe/Models/Editor,windows/tauri/src/features/editor; windows/tauri/src/features/tabs
editor-language-basics,编辑器,文本编辑,语法高亮与编辑器模型,已实现,待验证,已实现,待验证,Editor,分别打开 Java、Markdown 和普通文本，确认语言识别、语法高亮和模型切换。,,macos/Sources/Lithe/Views/Editor; macos/Sources/Lithe/Models/Editor,windows/tauri/src/features/editor; frontend/editor
editor-multiline-tabs,编辑器,文本编辑,多行标签与标签导航,已实现,待验证,已实现,待验证,Editor,打开足够多文件触发多行标签，确认滚动、切换、关闭和活动文件保持。,,macos/Sources/Lithe/Views/Editor,windows/tauri/src/features/tabs
search-quick-open,搜索,搜索与导航,快速打开文件与符号,已实现,待验证,已实现,待验证,Search,使用文件名、路径和符号查询，确认排序、键盘导航和打开位置。,,macos/Sources/Lithe/Views/Search; macos/Sources/Lithe/Views/Workbench,windows/tauri/src/features/quick-open
search-project,搜索,搜索与导航,项目范围文本搜索,已实现,待验证,已实现,待验证,Search,使用同一项目和查询 fixture 对比命中路径、行号、列号和结果排序；Windows 验证多行、掩码、取消与分页，大项目查询达到预算后不遍历后续目录。,,macos/Sources/Lithe/Views/Search; macos/Sources/Lithe/Services/Language,windows/tauri/src/features/file-search; windows/tauri/src/features/global-search; rust/lithe-core/src/project/files.rs; .agents/notes/implemented/feature/2026-09-25-windows-text-search-dialog.md
search-global,搜索,搜索与导航,全局命令与设置搜索,已实现,待验证,已实现,待验证,Search,使用快捷键搜索命令、设置和工作区内容，确认结果来源和跳转行为。,,macos/Sources/Lithe/Views/Search,windows/tauri/src/features/global-search; windows/tauri/src/features/command-palette
search-replace,搜索,搜索与导航,项目替换与取消,已实现,待验证,已实现,待验证,Search,执行替换预览、确认替换和取消操作，确认未保存文件与异常文件不会被静默覆盖。,,macos/Sources/Lithe/Views/Search; macos/Sources/Lithe/Services/Language,windows/tauri/src/features/file-search
git-status-commit,版本控制,Git,状态、暂存与提交,已实现,待验证,已实现,待验证,Git,修改、暂存、取消暂存并提交文件，确认状态、提交消息和错误回显。,,macos/Sources/Lithe/Views/Git; macos/Sources/Lithe/Services,windows/tauri/src/features/git; shared/contracts/application-boundary.md
git-branches-remotes,版本控制,Git,分支、标签与远程,已实现,待验证,已实现,待验证,Git,创建、切换、合并分支并查看标签和远程，确认冲突与认证失败可恢复。,,macos/Sources/Lithe/Views/Git,windows/tauri/src/features/git
git-diff-review,版本控制,Git,Diff 与变更审查,已实现,待验证,已实现,待验证,Git,验证新增、删除、重命名、二进制和多文件 Diff 的展示与定位。,,macos/Sources/Lithe/Views/Git; macos/Sources/Lithe/Views/Diff,windows/tauri/src/features/git; windows/tauri/src/features/viewer
git-history,版本控制,Git,提交历史与图谱,已实现,待验证,已实现,待验证,Git,分页浏览提交历史、分支图谱和提交详情，确认日期、作者和文件列表一致。,,macos/Sources/Lithe/Views/Git,windows/tauri/src/features/git
git-rebase-stash,版本控制,Git,Rebase 与 Stash,已实现,待验证,已实现,待验证,Git,执行交互式 Rebase 和 Stash 保存/恢复，确认中断、冲突和继续操作。,,macos/Sources/Lithe/Views/Git,windows/tauri/src/features/git
git-worktrees,版本控制,Git,Worktree 管理,已实现,待验证,已实现,待验证,Git,列出、创建、切换和删除 Worktree，确认路径、分支和安全检查。,,macos/Sources/Lithe/Views/Git,windows/tauri/src/features/git
github-prs,协作,GitHub,Pull Request 列表与详情,已实现,待验证,已实现,待验证,GitHub,使用测试仓库验证 PR 列表、筛选、详情、分支比较和浏览器跳转。,,macos/Sources/Lithe/Views/GitHub; macos/Sources/Lithe/Services/GitHub,windows/tauri/src/features/github; shared/contracts/application-boundary.md
github-reviews-comments,协作,GitHub,Review 与评论,已实现,待验证,已实现,待验证,GitHub,创建、查看和回复 Review/评论，确认权限错误和网络失败不会丢失草稿。,,macos/Sources/Lithe/Views/GitHub,windows/tauri/src/features/github
ai-commit-generation,AI,AI 提交信息,Provider 配置与提交信息生成,已实现,待验证,已实现,待验证,Git / AI,用相同 diff、规则和 Provider 配置比较请求计划、取消、错误和生成文本。,,macos/Sources/Lithe/Application/Features/CommitWorkflowCoordinator.swift; macos/Sources/Lithe/Platform/MacOS/AI,windows/tauri/src/features/git/services/ai-commit-service.ts; shared/contracts/ai-commit.md
ai-chat-session,AI,AI 对话,对话会话与流式响应,未实现,不适用,已实现,待验证,AI,Windows 验证新建会话、流式输出、取消和失败恢复；macOS 需要先定义产品范围。,,macos/Sources/Lithe/Platform/MacOS/AI,windows/tauri/src/features/ai/components/chat/ai-chat.tsx; windows/tauri/src/features/ai/services/ai-chat-service.ts
ai-chat-history,AI,AI 对话,对话历史、置顶与归档,未实现,不适用,已实现,待验证,AI,Windows 验证历史加载、重命名、置顶、归档、删除和重启后持久化。,,macos/Sources/Lithe/Platform/MacOS/AI,windows/tauri/src/features/ai/services/ai-chat-history-service.ts; windows/tauri/src/features/layout/components/sidebar/sidebar-history.tsx
ai-chat-providers,AI,AI 对话,多 Provider 与工作区范围,未实现,不适用,已实现,待验证,AI,Windows 验证 Provider 切换、凭据边界、工作区范围和模型错误提示。,,macos/Sources/Lithe/Platform/MacOS/AI,windows/tauri/src/features/ai/services/providers; windows/tauri/src/features/ai/lib/ai-workspace-scope.ts
java-runtime-discovery,Java,Java/Maven,JDK 与 Maven 工具链发现,已实现,待验证,已实现,待验证,Java / Maven,配置多个 JDK/Maven 候选，验证发现、选择、版本不匹配和错误提示。,,macos/Sources/Lithe/Services/Java; macos/Sources/Lithe/Views/Run,windows/tauri/src/features/maven; windows/tauri/src/features/workspace
windows-mvnd-toolchain,Java,Java/Maven,Windows mvnd 工具链目录选择与 Maven 全局配置,平台专属,不适用,已实现,待验证,Java / Maven,在 Windows 选择 mvnd 根目录、bin 目录和启动文件，验证发现、版本、显式执行路径以及 JDT LS 全局配置；真实 mvnd 执行最小 Maven 构建。 自动入口仅显示“自动”，手动选择显示路径，未找到时提示选择安装目录。,,.agents/notes/implemented/feature/2026-09-25-windows-mvnd-toolchain.md,windows/tauri/src-tauri/src/run.rs; rust/lithe-core/src/project/maven.rs; rust/lithe-core/src/tests/languages.rs; .agents/notes/implemented/feature/2026-09-25-windows-mvnd-toolchain.md; windows/tauri/src/i18n/locale.ts
java-maven-project,Java,Java/Maven,项目根、模块与源码集识别,已实现,待验证,已实现,待验证,Java / Maven,使用单模块、多模块和非标准源码目录 fixture 对比项目模型。,,macos/Sources/Lithe/Services/Java; shared/contracts/application-boundary.md,windows/tauri/src/features/maven; windows/tauri/src/features/workspace
java-maven-profiles-dependencies,Java,Java/Maven,Profile 与依赖树,已实现,待验证,已实现,待验证,Java / Maven,切换 Maven profile 并刷新依赖树，确认模块归属、顺序和错误边界。,,macos/Sources/Lithe/Views/Run; macos/Sources/Lithe/Services/Java,windows/tauri/src/features/maven
java-build-diagnostics,Java,Java/Maven,构建输出与编译诊断,已实现,待验证,已实现,待验证,Java / Maven,使用成功、编译失败和进程失败构建 fixture，对比诊断位置、输出和退出状态。,,macos/Sources/Lithe/Views/Run; macos/Sources/Lithe/Services/Diagnostics,windows/tauri/src/features/maven; windows/tauri/src/features/diagnostics
spring-index,Java,Spring / MyBatis,Spring 配置、Bean 与 Endpoint 索引,已实现,待验证,已实现,待验证,Java / Spring,使用 Spring fixture 对比配置、Bean、Endpoint 索引、刷新和失效处理。,,macos/Sources/Lithe/Application/Features; macos/Sources/Lithe/Views/Run; shared/fixtures/spring,windows/tauri/src/features/spring; shared/fixtures/spring
spring-navigation,Java,Spring / MyBatis,Spring 符号导航与代码关联,已实现,待验证,已实现,待验证,Java / Spring,从 Bean、配置和 Endpoint 结果跳转到源代码并返回，确认行列号一致。,,macos/Sources/Lithe/Application/Features; macos/Sources/Lithe/Views/Language,windows/tauri/src/features/spring
mybatis-navigation,Java,Spring / MyBatis,MyBatis Mapper/XML 导航,已实现,待验证,已实现,待验证,Java / MyBatis,使用 Mapper/XML fixture 对比索引、导航、文件变更刷新和失效处理。,,macos/Sources/Lithe/Application/Features/MybatisFeatureModel.swift; macos/Sources/Lithe/Application/Composition/DocumentFeatureComposition.swift,windows/tauri/src/features/mybatis
lsp-lifecycle,Java,语言服务,LSP/JDTLS 启动与工作区准备,已实现,待验证,已实现,待验证,Language Tooling,在两端启动真实 JDTLS，验证项目准备、重启、超时、取消和资源清理。,,macos/Sources/Lithe/Core/Language; macos/Sources/Lithe/Services/Language,windows/tauri/src/features; shared/fixtures/lsp
lsp-completion-hover,Java,语言服务,补全与 Hover,已实现,待验证,已实现,待验证,Language Tooling,在相同 Java fixture 中验证补全、Hover、排序、超时和空结果。,,macos/Sources/Lithe/Core/Language; shared/fixtures/lsp,windows/tauri/src/features; shared/fixtures/lsp
lsp-diagnostics,Java,语言服务,诊断与编译错误定位,已实现,待验证,已实现,待验证,Language Tooling,制造语法和类型错误，比较诊断等级、消息、行列号和清理行为。,,macos/Sources/Lithe/Core/Language; macos/Sources/Lithe/Services/Diagnostics,windows/tauri/src/features/diagnostics; shared/fixtures/lsp
lsp-navigation-edits,Java,语言服务,跳转、引用、语义标记与编辑,已实现,待验证,已实现,待验证,Language Tooling,验证定义、引用、语义标记和 UTF-16 文本编辑的坐标转换。,,macos/Sources/Lithe/Core/Language; shared/contracts/rust-core-api.md,windows/tauri/src/features; shared/fixtures/lsp
run-discovery,运行与调试,运行配置,入口点与运行配置发现,已实现,待验证,已实现,待验证,Run,验证 Spring Boot、Java、Maven、Gradle、npm、Cargo、Go、Python 和 Docker Compose 入口识别。,,macos/Sources/Lithe/Views/Run; shared/fixtures/run-configuration,windows/tauri/src/features/run; shared/fixtures/run-configuration
run-save-toolchain,运行与调试,运行配置,保存前同步与工具链解析,已实现,待验证,已实现,待验证,Run,修改未保存文件后运行，验证同步、JDK/Maven 选择和版本不匹配诊断。,,macos/Sources/Lithe/Views/Run; macos/Sources/Lithe/Services/Java,windows/tauri/src/features/run; windows/tauri/src/features/maven
run-java-test,运行与调试,运行配置,Java main 与测试运行,已实现,待验证,已实现,待验证,Run,运行 main、单测试和测试类，验证参数、输出、失败状态和终端策略。,,macos/Sources/Lithe/Views/Run; shared/fixtures/debug,windows/tauri/src/features/run; shared/fixtures/debug
debug-breakpoints,运行与调试,调试器,启动调试与断点,已实现,待验证,部分实现,待验证,Debug,设置、命中、禁用和重新定位断点，确认调试会话生命周期。,Windows 真实调试产品链路仍在 #466 跟进。,macos/Sources/Lithe/Views/Debug; shared/fixtures/debug,windows/tauri/src/features/debugger; shared/fixtures/debug
debug-state,运行与调试,调试器,变量、异常与断开策略,已实现,待验证,部分实现,待验证,Debug,验证变量分页、异常信息、step filters、暂停/继续和 disconnect policy。,Windows 真实调试产品链路仍在 #466 跟进。,macos/Sources/Lithe/Views/Debug; shared/fixtures/debug,windows/tauri/src/features/debugger; shared/fixtures/debug
terminal-shell,工作台,终端,Shell 发现与配置,已实现,待验证,已实现,待验证,Terminal,验证默认 Shell、环境变量、工作目录和不可用 Shell 的错误提示。,,macos/Sources/Lithe/Views/Terminal; macos/Sources/Lithe/Services,windows/tauri/src/features/terminal; windows/tauri/src-tauri
terminal-sessions,工作台,终端,多会话与标签,已实现,待验证,已实现,待验证,Terminal,创建多个终端会话并切换、重命名、关闭，确认子进程生命周期和资源清理。,,macos/Sources/Lithe/Views/Terminal,windows/tauri/src/features/terminal
terminal-interaction,工作台,终端,复制粘贴、搜索与调整大小,已实现,待验证,已实现,待验证,Terminal,验证复制粘贴、终端搜索、调整面板大小和高频输入不丢失。,,macos/Sources/Lithe/Views/Terminal,windows/tauri/src/features/terminal
markdown-rendering,编辑器,Markdown,Markdown 预览与富文本渲染,已实现,待验证,已实现,待验证,Editor,使用代码高亮、表格、Mermaid、链接和相对路径 fixture 对比渲染结果。,,macos/Sources/Lithe/Views/Editor/MarkdownPreviewView.swift; macos/Sources/Lithe/Core/Ports/MarkdownRendering.swift,windows/tauri/src/features/editor/markdown
markdown-images-links,编辑器,Markdown,图片导入与链接定位,已实现,待验证,已实现,待验证,Editor,验证本地图片、远程图片、相对链接和打开源文件行为。,,macos/Sources/Lithe/Services/Markdown; macos/Sources/Lithe/Platform/MacOS/MarkdownPreviewWebView.swift,windows/tauri/src/features/editor/markdown; windows/tauri/src/features/viewer
history-snapshots,工作台,本地历史,快照列表与 Diff,已实现,待验证,已实现,待验证,Local History,编辑同一文件多次，比较快照时间、内容 Diff 和文件范围。,,macos/Sources/Lithe/Views/History; macos/Sources/Lithe/Services,windows/tauri/src/features/local-history
history-restore,工作台,本地历史,恢复、删除与持久化,已实现,待验证,已实现,待验证,Local History,验证恢复、删除、应用重启后持久化和失败回滚。,,macos/Sources/Lithe/Views/History,windows/tauri/src/features/local-history
database-connections,数据库,数据库工作区,连接配置与 Provider,已实现,待验证,已实现,待验证,Database,创建、编辑、测试和删除各支持数据库连接，确认凭据和错误边界。,,macos/Sources/Lithe/Views/Database; macos/Sources/Lithe/Services,windows/tauri/src/features/database
database-schema,数据库,数据库工作区,Schema、表与列浏览,已实现,待验证,已实现,待验证,Database,展开数据库、Schema、表和列，验证刷新、筛选和空结果展示。,,macos/Sources/Lithe/Views/Database,windows/tauri/src/features/database
database-query-history,数据库,数据库工作区,SQL 查询、历史与分页,已实现,待验证,已实现,待验证,Database,执行查询、取消查询、查看 SQL 历史和分页结果，确认长结果不阻塞界面。,,macos/Sources/Lithe/Views/Database,windows/tauri/src/features/database
database-crud-export,数据库,数据库工作区,表数据编辑、CRUD 与导出,已实现,待验证,已实现,待验证,Database,验证新增、编辑、删除、事务失败、复制和结果导出。,,macos/Sources/Lithe/Views/Database,windows/tauri/src/features/database
file-explorer,工作区,项目浏览,项目文件树与资源打开,已实现,待验证,已实现,待验证,Workspace,浏览目录、展开/折叠、打开资源并在文件变更后刷新树。,,macos/Sources/Lithe/Views/Workspace/ProjectSidebarView.swift; macos/Sources/Lithe/Models/Workspace,windows/tauri/src/features/file-explorer; windows/tauri/src/features/sidebar; windows/tauri/src/features/file-explorer/stores/file-explorer-tree.store.test.ts; windows/tauri/vite.config.ts
dependency-browser,工作区,项目浏览,项目依赖与模块浏览,已实现,待验证,已实现,待验证,Workspace / Java,打开 Maven 项目依赖和模块树，验证导航、刷新和空项目状态。,,macos/Sources/Lithe/Views/Workspace/DependencySidebarView.swift,windows/tauri/src/features/maven; windows/tauri/src/features/sidebar
outline-symbols,编辑器,代码结构,当前文件 Outline 与符号树,部分实现,待验证,已实现,待验证,Language Tooling,使用 Java 文件验证符号树、展开折叠、排序和跳转；确认 macOS 是否提供同等独立 Outline 入口。,,macos/Sources/Lithe/Views/Language; macos/Sources/Lithe/Views/Search,windows/tauri/src/features/outline
references-pane,编辑器,代码结构,引用结果面板与引用跳转,已实现,待验证,已实现,待验证,Language Tooling,从符号发起引用查询，验证结果分组、文件定位、关闭和重新查询。,,macos/Sources/Lithe/Views/Language/JavaReferencesView.swift,windows/tauri/src/features/references
diagnostics-workspace,可观测性,诊断与日志,工作区诊断与问题面板,已实现,待验证,已实现,待验证,Diagnostics,制造多个来源的错误和警告，验证筛选、排序、定位和清除。,,macos/Sources/Lithe/Application/Features/DiagnosticsFeatureModel.swift; macos/Sources/Lithe/Views/Language/JavaProblemsView.swift,windows/tauri/src/features/diagnostics
diagnostics-export,可观测性,诊断与日志,诊断包导出与脱敏,已实现,待验证,已实现,待验证,Diagnostics,导出诊断包，确认敏感路径、凭据和大文件被正确脱敏或限制。,,macos/Sources/Lithe/Views/Diagnostics/DiagnosticsExportSheet.swift; macos/Sources/Lithe/Services/Diagnostics,windows/tauri/src/features/diagnostics
application-settings,设置,应用配置,应用、项目与运行设置,已实现,待验证,已实现,待验证,Settings,修改应用级和项目级设置，验证持久化、迁移、重启恢复和无效值提示。,,macos/Sources/Lithe/Views/App/SettingsView.swift; macos/Sources/Lithe/Views/App/ProjectRuntimeSettingsView.swift,windows/tauri/src/features/settings
keymap-customization,设置,应用配置,快捷键查看与自定义,已实现,待验证,部分实现,待验证,Settings,修改快捷键、制造冲突并恢复默认，确认命令实际执行。,Windows 快捷键设置仍有占位交互，见 #718。,macos/Sources/Lithe/Views/App/KeyboardShortcutSettingsView.swift; macos/Sources/Lithe/Models/Keymap,windows/tauri/src/features/keymaps
plugin-extension-management,扩展,插件与主题,插件、语言服务与主题管理,已实现,待验证,已实现,待验证,Extensions,启用、禁用和恢复插件/主题，确认启动加载、失败隔离和设置持久化。,,macos/Sources/Lithe/Views/App/PluginManagementView.swift; macos/Sources/Lithe/Platform/MacOS/Plugins,windows/tauri/src/extensions; windows/tauri/src/features/settings
onboarding-welcome,启动与窗口,首次启动,欢迎页、项目入口与首次启动引导,已实现,待验证,已实现,待验证,Onboarding,清空首次启动状态，验证打开项目、克隆项目、最近项目和跳过引导。,,macos/Sources/Lithe/Views/App/WelcomeView.swift; macos/Sources/Lithe/Views/Workspace,windows/tauri/src/features/onboarding; windows/tauri/src/features/bootstrap
command-palette,工作台,命令与布局,命令面板与全局动作,已实现,待验证,已实现,待验证,Workbench,搜索并执行打开面板、运行、Git 和设置命令，确认快捷键和不可用命令状态。,,macos/Sources/Lithe/Models/Keymap/LitheCommandCatalog.swift; macos/Sources/Lithe/Views/Search/SearchEverywhereView.swift,windows/tauri/src/features/command-palette
workbench-panes,工作台,命令与布局,分栏、面板与工具窗布局,已实现,待验证,已实现,待验证,Workbench,打开、关闭、移动和调整面板，验证布局持久化及高频拖动稳定性。,,macos/Sources/Lithe/Views/Workbench; macos/Sources/Lithe/Views/Components/LitheSplitPaneView.swift,windows/tauri/src/features/panes; windows/tauri/src/features/layout
embedded-viewers,编辑器,资源预览,HTML、SVG、媒体、PDF 与二进制预览,已实现,待验证,已实现,待验证,Editor,分别打开 HTML、SVG、图片、PDF 和二进制文件，验证缩放、错误和源文件返回。,,macos/Sources/Lithe/Views/Editor/HTMLPreviewView.swift; macos/Sources/Lithe/Views/Editor/MediaViewerView.swift; macos/Sources/Lithe/Views/Editor/SVGPreviewView.swift,windows/tauri/src/features/viewer
docker-compose,运行与调试,项目运行,Docker / Compose 项目识别与运行,部分实现,待验证,已实现,待验证,Run / Docker,使用 Dockerfile 和 Compose fixture 验证识别、命令参数、输出和进程停止；确认 macOS 是否只有入口识别。,,macos/Sources/Lithe/Views/Run/RunConfigurationIcon.swift; macos/Sources/Lithe/Services/Java,windows/tauri/src/features/docker; windows/tauri/src/features/run
remote-workspace,工作区,远程开发,远程连接与远程路径工作区,未实现,不适用,已实现,待验证,Remote,Windows 验证连接、密码提示、远程路径、断线和重连；macOS 需要补充产品入口或明确不支持。,,macos/Sources/Lithe/Services,windows/tauri/src/features/remote; windows/tauri/src/features/file-system
vim-mode,编辑器,编辑模式,Vim 模式与命令状态,未实现,不适用,已实现,待验证,Editor,Windows 验证 Normal/Insert/Visual 模式、命令执行和设置持久化；macOS 需要确认产品范围。,,macos/Sources/Lithe/Views/Editor,windows/tauri/src/features/vim; windows/tauri/src/features/editor
workbench-notifications,可观测性,通知与资源,操作通知、错误提示与自动消失,已实现,待验证,已实现,待验证,Workbench,触发成功、警告和失败通知，验证队列、关闭、超时和重复通知。,,macos/Sources/Lithe/Application/Features/WorkbenchNotificationFeatureModel.swift,windows/tauri/src/features/notifications
memory-monitor,可观测性,通知与资源,应用与语言服务内存监控,已实现,待验证,已实现,待验证,Workbench,打开内存指标并观察应用、语言服务和总内存变化，确认采样失败不会阻塞工作台。,,macos/Sources/Lithe/Services/Monitoring/MemoryUsageMonitor.swift,windows/tauri/src/features/layout/services/memory-api.ts; windows/tauri/src/platform/tauri-core.ts
updates-check-download,发行与更新,应用更新,检查、下载与安装更新,已实现,待验证,已实现,待验证,Release,使用 preview 更新清单验证检查、下载、校验、安装和重启。,,macos/Sources/Lithe/Views/App/UpdateControl.swift; macos/Sources/Lithe/Platform/MacOS/Updates,windows/tauri/src/features/layout/components/app-update-control.tsx; windows/tauri/src/features/settings/hooks/use-updater.ts
updates-failure-rollback,发行与更新,应用更新,失败重试与回滚,部分实现,待验证,已实现,待验证,Release,模拟清单错误、下载失败和安装失败，确认重试、回滚和用户提示。,macOS 回退更新方案仍在 #734 跟进。,macos/Sources/Lithe/Platform/MacOS/Updates,docs/releases/windows-updater.md; windows/tauri/src/features/settings/hooks/use-updater.ts
community-feed,社区,LINUX DO 社区,主题列表与详情,未实现,不适用,未实现,不适用,Community,如果重新引入社区入口，在 macOS 和 Windows 验证 Latest/Top、主题详情、分页和浏览器跳转。,macOS 的 LINUX DO 插件已退役，当前两端均无社区入口。,macos/Sources/Lithe/Platform/MacOS/Plugins/MacPluginPackageStore.swift,windows/tauri/src/features
community-auth,社区,LINUX DO 社区,社区认证与请求失败处理,未实现,不适用,未实现,不适用,Community,如果重新引入社区入口，在 macOS 和 Windows 验证认证、过期、限流和网络错误。,macOS 的 LINUX DO 插件已退役，现存 fixture 不代表产品接入。,macos/Sources/Lithe/Platform/MacOS/Plugins/MacPluginPackageStore.swift; shared/fixtures/community,windows/tauri/src/features
wsl-paths,Windows 专属,WSL,WSL 文件与工作区路径,平台专属,不适用,已实现,待验证,Windows Platform,Windows 验证本地文件、WSL 文件、发行版识别和工作区打开。,,macos/Sources/Lithe,windows/tauri/src/features/wsl; windows/tauri/src/features/file-system
wsl-boundaries,Windows 专属,WSL,跨 WSL 边界移动与重命名,平台专属,不适用,已实现,待验证,Windows Platform,Windows 验证本地、同发行版、跨发行版移动/重命名及明确错误提示。,,macos/Sources/Lithe,windows/tauri/src/features/wsl; windows/tauri/src/features/file-system
editor-file-encoding-reopen,编辑器,文本编辑,按指定编码重新打开文本文件,已实现,待验证,已实现,待验证,Editor,在 macOS 和 Windows 实机验证 UTF-8、UTF-8 BOM 与 GBK/GB18030 的自动识别，并分别验证 Shift JIS、Windows-1252 的指定编码重新打开、编码转换保存、脏文件选择和外部修改保护。,,macos/Sources/Lithe/Views/Workbench/WorkbenchView.swift; macos/Sources/Lithe/Views/Editor/StandaloneEditorView.swift; macos/Sources/Lithe/Application/Features/DocumentFeatureModel.swift; macos/Sources/Lithe/Platform/MacOS/FileSystem/MacDocumentEncoding.swift,windows/tauri/src/features/command-palette/components/encoding-picker.tsx; windows/tauri/src/features/editor/services/document-encoding-workflow.ts; windows/tauri/crates/project/src/document_file.rs
editor-file-encoding-save,编辑器,文本编辑,按指定编码保存文本文件,已实现,待验证,已实现,待验证,Editor,在 macOS 和 Windows 实机验证 UTF-8、UTF-8 BOM 与 GBK/GB18030 的自动识别，并分别验证 Shift JIS、Windows-1252 的指定编码重新打开、编码转换保存、脏文件选择和外部修改保护。,,macos/Sources/Lithe/Views/Workbench/WorkbenchView.swift; macos/Sources/Lithe/Views/Editor/StandaloneEditorView.swift; macos/Sources/Lithe/Application/Features/DocumentFeatureModel.swift; macos/Sources/Lithe/Platform/MacOS/FileSystem/MacDocumentEncoding.swift,windows/tauri/src/features/command-palette/components/encoding-picker.tsx; windows/tauri/src/features/editor/stores/editor-app.store.ts; windows/tauri/crates/project/src/document_file.rs
